aIMG0	aIMG1	aIMG2	aIMG3	aIMG4	aIMG5	aIMG6	aIMG7	eps	f0	f1	f2	f3	p0	p1	p2	p3	p4	p5	p6	p7	r0	r1	r2	r3	r4	r5	r6	r7	time	u0	u1	u2	u3	u4	u5	u6	u7	x0	x1	x2	x3	x4	x5	x6	x7	y0	y1	y2	y3	y4	y5	y6	y7
0.2	5.4	3.2	-3.2	8.3	-1.4			4.300000000000011	0.0	0.0	0.0	0.0	0.01	0.01	0.01	0.01	0.01	0.0	0.01	0.01	0.0	0.0	0.0	0.0	0.0	0.0	0.0	0.0	1548684301.472151	25.0	25.0	25.0	25.0	25.0	27.45	25.0	25.0	86	106	92	12	13	23			232	297	368	236	304	372		
0.1	5.5	3.0	-3.0	8.4	-1.5			4.300000000000011	0.0	0.0	0.0	0.0	0.01	0.01	0.01	0.01	0.01	0.01	0.01	0.01	0.0	0.0	0.0	0.0	0.0	0.0	0.0	0.0	1548684301.569931	25.0	25.0	25.0	25.0	25.0	27.25	25.0	25.0	86	106	92	11	13	23			232	297	368	236	304	372		
0.2	5.4	3.3	-3.3	8.2	-1.3			4.399999999999977	0.0	0.0	0.0	0.0	0.01	0.01	0.01	0.01	0.01	0.01	0.01	0.01	0.0	0.0	0.0	0.0	0.0	0.0	0.0	0.0	1548684301.670506	25.0	25.0	25.0	25.0	25.0	27.19	25.0	25.0	86	106	92	11	13	23			232	297	368	236	304	372		
0.2	5.6	3.4	-3.4	8.0	-1.1			4.300000000000011	0.0	0.0	0.0	0.0	0.01	0.01	0.01	0.01	0.01	0.01	0.0	0.01	0.0	0.0	0.0	0.0	0.0	0.0	0.0	0.0	1548684301.771947	25.0	25.0	25.0	25.0	25.0	27.14	25.0	25.0	86	106	92	11	13	23			232	297	368	236	304	372		
0.3	5.4	3.0	-3.0	8.4	-1.5			4.300000000000011	0.0	0.0	0.0	0.0	0.01	0.01	0.01	0.01	0.01	0.01	0.0	0.01	0.0	0.0	0.0	0.0	0.0	0.0	0.0	0.0	1548684301.875827	25.0	25.0	25.0	25.0	25.0	27.11	25.0	25.0	86	106	92	11	13	23			232	297	368	236	304	372		
0.2	5.6	3.2	-3.2	8.3	-1.1			4.300000000000011	0.0	0.0	0.0	0.0	0.01	0.01	0.01	0.01	0.01	0.01	0.01	0.01	0.0	0.0	0.0	0.0	0.0	0.0	0.0	0.0	1548684301.973378	25.0	25.0	25.0	25.0	25.0	27.01	25.0	25.0	86	106	92	11	13	23			232	297	368	236	304	372		
-0.1	5.4	2.2	-2.2	9.5	-2.3			4.5	0.0	0.0	0.0	0.0	0.01	0.01	0.01	0.01	0.01	0.01	0.01	0.01	0.0	0.0	0.0	0.0	0.0	0.0	0.0	0.0	1548684302.075777	25.0	25.0	25.0	25.0	25.0	26.98	25.0	25.0	86	106	92	11	13	23			232	297	368	236	304	372		
0.1	5.4	3.0	-3.0	8.6	-1.6			4.399999999999977	0.0	0.0	0.0	0.0	0.01	0.01	0.01	0.01	0.01	0.01	0.01	0.01	0.0	0.0	0.0	0.0	0.0	0.0	0.0	0.0	1548684302.176889	25.0	25.0	25.0	25.0	25.0	26.94	25.0	25.0	86	106	92	12	13	23			232	297	368	236	304	372		
-0.5	5.6	2.4	-2.4	9.3	-2.0			4.5	0.0	0.0	0.0	0.0	0.01	0.01	0.01	0.01	0.01	0.01	0.01	0.01	0.0	0.0	0.0	0.0	0.0	0.0	0.0	0.0	1548684302.27841	25.0	25.0	25.0	25.0	25.0	26.85	25.0	25.0	86	106	92	12	13	23			232	297	368	236	304	373		
0.4	5.5	3.3	-3.3	8.1	-1.0			4.199999999999989	0.0	0.0	0.0	0.0	0.01	0.01	0.01	0.01	0.01	0.01	0.01	0.01	0.0	0.0	0.0	0.0	0.0	0.0	0.0	0.0	1548684302.380404	25.0	25.0	25.0	25.0	25.0	26.85	25.0	25.0	86	106	92	12	13	23			232	297	368	236	304	372		
0.5	4.7	2.0	-2.0	9.1	-2.1			4.399999999999977	0.0	0.0	0.0	0.0	0.01	0.01	0.01	0.01	0.01	0.01	0.01	0.01	0.0	0.0	0.0	0.0	0.0	0.0	0.0	0.0	1548684302.481558	25.0	25.0	25.0	25.0	25.0	26.74	25.0	25.0	86	106	92	11	13	23			232	297	368	236	304	372		
0.4	5.4	3.0	-3.0	8.3	-1.5			4.300000000000011	0.0	0.0	0.0	0.0	0.01	0.01	0.01	0.01	0.01	0.01	0.01	0.01	0.0	0.0	0.0	0.0	0.0	0.0	0.0	0.0	1548684302.58658	25.0	25.0	25.0	25.0	25.0	26.71	25.0	25.0	86	106	92	12	13	23			232	297	368	236	304	372		
0.2	5.5	3.2	-3.2	8.2	-1.2			4.300000000000011	0.0	0.0	0.0	0.0	0.01	0.01	0.01	0.01	0.01	0.01	0.01	0.01	0.0	0.0	0.0	0.0	0.0	0.0	0.0	0.0	1548684302.686486	25.0	25.0	25.0	25.0	25.0	26.62	25.0	25.0	86	106	92	12	13	23			232	297	368	236	304	372		
0.2	5.5	3.0	-3.0	8.5	-1.4			4.300000000000011	0.0	0.0	0.0	0.0	0.01	0.01	0.01	0.01	0.0	0.01	0.01	0.01	0.0	0.0	0.0	0.0	0.0	0.0	0.0	0.0	1548684302.791723	25.0	25.0	25.0	25.0	25.0	26.56	25.0	25.0	86	106	92	12	13	23			232	297	368	236	304	372		
-0.1	5.6	3.3	-3.3	8.4	-1.5			4.399999999999977	0.0	0.0	0.0	0.0	0.01	0.01	0.01	0.01	0.01	0.01	0.01	0.01	0.0	0.0	0.0	0.0	0.0	0.0	0.0	0.0	1548684302.897309	25.0	25.0	25.0	25.0	25.0	26.5	25.0	25.0	86	106	92	11	13	23			232	297	368	236	304	372		
-0.3	5.4	2.2	-2.2	9.7	-2.1			4.399999999999977	0.0	0.0	0.0	0.0	0.01	0.01	0.01	0.01	0.0	0.01	0.01	0.01	0.0	0.0	0.0	0.0	0.0	0.0	0.0	0.0	1548684302.990308	25.0	25.0	25.0	25.0	25.0	26.43	25.0	25.0	86	106	92	12	13	23			232	297	368	236	304	372		
0.6	5.4	3.3	-3.3	8.3	-1.1			4.199999999999989	1.0	1.0	1.0	1.0	0.01	0.01	0.01	0.01	0.01	0.01	0.01	0.01	0.0	0.76	0.73	0.0	0.0	0.76	0.0	0.0	1548684303.092862	25.0	75.0	75.0	25.0	25.0	75.0	25.0	25.0	86	106	92	11	13	23			232	297	368	236	304	372		
0.4	5.6	2.9	-2.9	8.5	-1.4			4.300000000000011	1.0	0.0	0.0	1.0	0.01	0.75	0.31	0.01	0.01	0.75	0.01	0.01	0.0	0.76	0.73	0.0	0.0	0.76	0.0	0.0	1548684303.194347	25.0	43.74	71.41	25.0	25.0	43.45	25.0	25.0	86	106	92	11	13	23			232	297	368	236	304	372		
-0.4	5.9	3.1	-3.1	7.9	-1.6			4.199999999999989	1.0	0.0	0.0	1.0	0.02	0.26	0.49	0.01	0.01	0.36	0.01	0.01	0.81	0.0	0.0	0.78	0.73	0.0	0.0	0.0	1548684303.29664	75.0	25.0	25.0	75.0	75.0	25.0	25.0	25.0	86	106	92	12	13	24			232	297	368	236	304	372		
-0.4	5.9	3.1	-3.1	7.9	-1.6			4.199999999999989	1.0	0.0	0.0	1.0	0.74	0.01	0.01	0.17	0.27	0.01	0.01	0.01	0.81	0.0	0.0	0.78	0.73	0.0	0.0	0.0	1548684303.396893	48.09	33.09	34.42	75.0	73.61	34.5	25.0	25.0	86	106	92	12	13	24			232	297	368	236	304	372		
-4.7	14.1	9.3	-9.3	4.2	1.1			3.6999999999999886	1.0	0.0	0.0	1.0	0.51	0.01	0.01	0.52	0.49	0.01	0.01	0.01	0.81	0.0	0.0	0.78	0.73	0.0	0.0	0.0	1548684303.503161	59.41	33.09	34.46	57.35	55.38	34.77	25.0	25.0	86	106	92	11	12	24			232	298	369	235	304	373		
8.7	-2.4	-8.8	8.8		-8.4			4.899999999999977	1.0	0.0	0.0	1.0	0.7	0.01	0.01	0.59	0.5	0.01	0.01	0.01	0.81	0.0	0.0	0.78	0.73	0.0	0.0	0.0	1548684303.60481	48.85	33.14	34.34	56.83	58.51	34.89	25.0	25.0	87	108	94		15	24			232	296	369		304	372		
18.5		-26.4	26.4		-16.0			7.0	1.0	0.0	0.0	1.0	0.66	0.01	0.01	0.61	0.59	0.01	0.01	0.01	0.81	0.0	0.0	0.78	0.73	0.0	0.0	0.0	1548684303.718108	52.34	32.89	34.22	55.98	52.97	34.84	25.0	25.0	87	112			20	24			232	294			305	372		
27.4		-40.7	40.7		-19.5			9.300000000000011	1.0	0.0	0.0	1.0	0.7	0.01	0.01	0.64	0.61	0.01	0.01	0.01	0.81	0.0	0.0	0.78	0.73	0.0	0.0	0.0	1548684303.819695	51.17	32.94	34.09	55.85	52.81	34.77	25.0	25.0	87	115			26	24			232	291			306	372		
35.2	-0.3	-53.0	53.0	67.6	-23.7			12.300000000000011	1.0	0.0	0.0	1.0	0.72	0.01	0.01	0.66	0.63	0.01	0.01	0.01	0.81	0.0	0.0	0.78	0.73	0.0	0.0	0.0	1548684303.923292	50.93	32.68	33.95	55.19	52.7	34.7	25.0	25.0	87	117	138	19	31	23			231	289	357	241	307	373		
37.6	-0.4	-56.2	56.2	70.7	-24.9			12.899999999999977	1.0	0.0	0.0	1.0	0.73	0.01	0.01	0.68	0.64	0.01	0.01	0.01	0.81	0.0	0.0	0.78	0.73	0.0	0.0	0.0	1548684304.023866	50.66	32.51	33.82	54.93	52.59	34.63	25.0	25.0	87	117	142	19	32	23			232	288	355	241	308	373		
39.9	-1.5	-58.3	58.3	73.0	-25.1			13.399999999999977	1.0	1.0	1.0	1.0	0.74	0.01	0.01	0.7	0.66	0.01	0.01	0.01	0.81	0.0	0.0	0.78	0.73	0.0	0.0	0.0	1548684304.137835	50.6	32.57	33.68	54.97	52.59	34.56	25.0	25.0	87	117	142	20	33	23			232	288	355	242	308	373		
41.4		-61.1	61.1	75.8	-26.1			14.199999999999989	0.0	1.0	1.0	0.0	0.76	0.01	0.01	0.71	0.67	0.01	0.01	0.01	0.81	0.0	0.0	0.78	0.73	0.0	0.0	0.0	1548684304.238769	50.33	32.48	33.57	54.57	52.23	34.51	25.0	25.0	88	117	145	20	34	23			232	287	353	242	308	373		
44.8	0.1	-64.1	64.1	77.9	-25.3			14.800000000000011	0.0	1.0	1.0	0.0	0.74	0.01	0.01	0.71	0.67	0.01	0.01	0.01	0.0	0.76	0.73	0.0	0.0	0.76	0.0	0.0	1548684304.348389	25.0	75.0	75.0	25.0	25.0	75.0	25.0	25.0	88	117	149	22	35	23			232	287	351	243	309	373		
46.0	0.1	-64.5	64.5	77.9	-23.3			14.800000000000011	0.0	1.0	1.0	0.0	0.04	0.32	0.23	0.03	0.16	0.46	0.01	0.01	0.0	0.76	0.73	0.0	0.0	0.76	0.0	0.0	1548684304.449237	39.13	75.0	75.0	40.97	25.0	75.0	25.0	25.0	88	117	149	22	35	22			232	287	351	243	309	373		
52.3	0.1	-63.8	63.8	75.9	-11.9			15.0	0.0	1.0	1.0	0.0	0.04	0.51	0.54	0.03	0.05	0.51	0.01	0.01	0.0	0.76	0.73	0.0	0.0	0.76	0.0	0.0	1548684304.555422	40.26	53.47	51.23	43.38	39.67	61.1	25.0	25.0	87	117	149	22	35	17			232	287	351	243	309	374		
52.3	0.1	-63.8	63.8	75.9	-11.9			15.0	0.0	1.0	1.0	0.0	0.03	0.67	0.53	0.02	0.04	0.7	0.01	0.01	0.0	0.76	0.73	0.0	0.0	0.76	0.0	0.0	1548684304.657755	40.54	60.46	66.82	43.52	39.54	49.0	25.0	25.0	87	117	149	22	35	17			232	287	351	243	309	374		
5.2	24.3	-14.6	14.6	43.8				14.100000000000023	0.0	1.0	1.0	0.0	0.02	0.63	0.56	0.02	0.04	0.64	0.01	0.01	0.0	0.76	0.73	0.0	0.0	0.76	0.0	0.0	1548684304.767559	40.67	52.41	56.91	43.8	39.21	56.45	25.0	25.0	95	130	149	23	38				226	285	350	242	308			
									0.0	1.0	1.0	0.0	0.02	0.64	0.61	0.02	0.03	0.7	0.01	0.01	0.0	0.76	0.73	0.0	0.0	0.76	0.0	0.0	1548684304.867587	40.68	55.13	59.67	43.59	39.54	51.72	25.0	25.0			150	23							351	242				
	65.8	57.0	-57.0	23.3	49.8			359.8	0.0	1.0	1.0	0.0	0.02	0.69	0.63	0.01	0.03	0.68	0.01	0.01	0.0	0.76	0.73	0.0	0.0	0.76	0.0	0.0	1548684304.977156	40.57	51.57	56.39	43.77	39.15	54.06	25.0	25.0		155	149	22	69	81				290	351	243	290	359		
6.1	68.5	58.4	-58.4	23.1	60.8			359.4	0.0	1.0	1.0	0.0	0.02	0.7	0.65	0.01	0.03	0.69	0.01	0.01	0.0	0.76	0.73	0.0	0.0	0.76	0.0	0.0	1548684305.072935	40.35	51.83	56.52	43.61	39.28	54.32	25.0	25.0	174	154	149	22	69	70			227	291	350	243	290	360		
5.8	69.4	59.2	-59.2	22.5	62.2			359.2	0.0	1.0	1.0	0.0	0.02	0.71	0.66	0.01	0.03	0.7	0.01	0.0	0.0	0.76	0.73	0.0	0.0	0.76	0.0	0.0	1548684305.174679	40.14	51.87	56.07	43.61	38.83	53.97	25.0	25.0	174	154	149	22	69	69			227	291	350	243	290	360		
3.6	69.9	61.1	-61.1	22.1	64.4			358.9	1.0	1.0	1.0	1.0	0.02	0.71	0.68	0.01	0.02	0.71	0.01	0.01	0.0	0.76	0.73	0.0	0.0	0.76	0.0	0.0	1548684305.287303	40.1	51.78	55.81	43.4	38.82	53.82	25.0	25.0	174	154	149	22	69	69			227	291	350	243	290	360		
2.7	71.9	61.8	-61.8	21.8	65.9			358.8	1.0	0.0	0.0	1.0	0.02	0.72	0.68	0.01	0.02	0.72	0.01	0.01	0.0	0.76	0.73	0.0	0.0	0.76	0.0	0.0	1548684305.387092	39.92	51.86	55.92	43.34	38.99	53.58	25.0	25.0	174	154	149	22	69	68			227	292	350	243	290	359		
2.2	72.4	62.0	-62.0	22.2	67.1			358.7	1.0	0.0	0.0	1.0	0.18	0.55	0.59	0.09	0.12	0.59	0.01	0.01	0.81	0.0	0.0	0.78	0.73	0.0	0.0	0.0	1548684305.488098	75.0	25.0	25.0	75.0	75.0	25.0	25.0	25.0	174	154	149	22	69	68			227	292	350	243	290	359		
1.7	74.0	63.2	-63.2	22.6	66.5			358.7	1.0	0.0	0.0	1.0	0.8	0.03	0.04	0.83	0.82	0.04	0.01	0.01	0.81	0.0	0.0	0.78	0.73	0.0	0.0	0.0	1548684305.593949	41.85	43.5	46.03	40.77	39.6	44.33	25.0	25.0	174	154	148	22	69	68			227	292	350	244	290	359		
3.6	70.7	61.0	-61.0	23.0	62.2			359.1	1.0	0.0	0.0	1.0	0.76	0.03	0.04	0.7	0.57	0.04	0.01	0.01	0.81	0.0	0.0	0.78	0.73	0.0	0.0	0.0	1548684305.688994	59.01	43.0	44.63	60.55	62.65	43.26	25.0	25.0	174	154	148	21	69	70			227	291	350	243	290	360		
20.3	33.5	27.3	-27.3	55.4	37.5			358.6	1.0	0.0	0.0	1.0	0.69	0.02	0.04	0.67	0.64	0.04	0.01	0.01	0.81	0.0	0.0	0.78	0.73	0.0	0.0	0.0	1548684305.790832	54.5	43.35	44.64	57.59	54.28	43.27	25.0	25.0	174	161	147	21	69	72			227	292	359	242	289	361		
42.1									1.0	0.0	0.0	1.0	0.77	0.02	0.03	0.72	0.67	0.03	0.01	0.01	0.81	0.0	0.0	0.78	0.73	0.0	0.0	0.0	1548684305.890204	52.49	43.35	44.57	56.74	54.54	43.19	25.0	25.0	174	176				72			227	291				361		
65.5									1.0	0.0	0.0	1.0	0.76	0.02	0.03	0.73	0.69	0.03	0.01	0.01	0.81	0.0	0.0	0.78	0.73	0.0	0.0	0.0	1548684305.991707	52.02	43.15	44.69	56.28	53.11	43.04	25.0	25.0	174	188				71			227	284				360		
73.6	6.8	-70.6	70.6	81.5	0.1			13.699999999999989	1.0	0.0	0.0	1.0	0.78	0.02	0.03	0.74	0.69	0.03	0.01	0.01	0.81	0.0	0.0	0.78	0.73	0.0	0.0	0.0	1548684306.094399	51.5	43.08	44.65	55.2	53.03	42.9	25.0	25.0	174	188	223	97	108	70			227	282	342	236	301	360		
76.7	3.7	-73.9	73.9	82.9	-0.4			13.899999999999977	1.0	0.0	0.0	1.0	0.79	0.01	0.02	0.75	0.7	0.03	0.01	0.01	0.81	0.0	0.0	0.78	0.73	0.0	0.0	0.0	1548684306.196679	50.96	43.24	44.57	55.11	53.12	42.62	25.0	25.0	174	188	223	98	108	71			227	282	342	236	302	360		
77.4	3.2	-75.4	75.4	84.9	-2.0			14.600000000000023	1.0	1.0	1.0	1.0	0.79	0.01	0.02	0.76	0.7	0.03	0.01	0.01	0.81	0.0	0.0	0.78	0.73	0.0	0.0	0.0	1548684306.299405	50.67	42.93	44.3	54.76	52.88	42.41	25.0	25.0	174	187	223	98	108	70			227	281	341	237	302	360		
78.9	3.3	-76.6	76.6	86.1	-1.4			15.100000000000023	1.0	1.0	1.0	1.0	0.79	0.01	0.02	0.76	0.71	0.02	0.01	0.01	0.81	0.0	0.0	0.78	0.73	0.0	0.0	0.0	1548684306.407439	50.79	42.73	44.1	54.67	52.9	42.27	25.0	25.0	174	187	224	98	108	70			227	281	340	237	302	360		
79.9	2.5	-77.8	77.8	86.2	-2.0			15.199999999999989	0.0	1.0	1.0	0.0	0.8	0.01	0.02	0.76	0.71	0.02	0.01	0.01	0.81	0.0	0.0	0.78	0.73	0.0	0.0	0.0	1548684306.5053	50.63	42.55	44.03	54.68	52.78	42.05	25.0	25.0	174	187	224	98	109	70			227	281	340	238	302	360		
81.7	0.9	-79.0	79.0	86.4	-1.6			15.199999999999989	0.0	1.0	1.0	0.0	0.26	0.23	0.22	0.4	0.67	0.19	0.0	0.01	0.0	0.76	0.73	0.0	0.0	0.76	0.0	0.0	1548684306.604452	25.0	75.0	75.0	25.0	25.0	75.0	25.0	25.0	174	187	225	99	109	70			227	281	340	238	302	360		
81.5	1.6	-78.4	78.4	86.9	-1.3			15.199999999999989	0.0	1.0	1.0	0.0	0.05	0.66	0.68	0.04	0.06	0.69	0.01	0.01	0.0	0.76	0.73	0.0	0.0	0.76	0.0	0.0	1548684306.705334	42.84	47.0	44.99	46.06	42.2	51.25	25.0	25.0	174	187	225	99	109	70			227	281	340	238	302	360		
78.3	3.9	-74.5	74.5	82.5	8.3			15.5	0.0	1.0	1.0	0.0	0.05	0.68	0.54	0.06	0.08	0.77	0.0	0.01	0.0	0.76	0.73	0.0	0.0	0.76	0.0	0.0	1548684306.806708	41.49	57.1	67.05	44.19	39.26	49.05	25.0	25.0	174	188	225	99	108	67			227	281	340	238	303	360		
33.2	22.7	-33.4	33.4	53.5	54.3			17.100000000000023	0.0	1.0	1.0	0.0	0.04	0.68	0.62	0.05	0.07	0.67	0.01	0.01	0.0	0.76	0.73	0.0	0.0	0.76	0.0	0.0	1548684306.907623	41.8	54.33	59.35	44.3	39.55	56.75	25.0	25.0	172	200	225	100	112	65			218	276	340	237	303	357		
33.2	22.7	-33.4	33.4	53.5	54.3			17.100000000000023	0.0	1.0	1.0	0.0	0.03	0.7	0.69	0.04	0.05	0.74	0.01	0.01	0.0	0.76	0.73	0.0	0.0	0.76	0.0	0.0	1548684307.008477	41.95	54.64	55.86	44.31	39.96	52.28	25.0	25.0	172	200	225	100	112	65			218	276	340	237	303	357		
	43.1								0.0	1.0	1.0	0.0	0.03	0.73	0.67	0.03	0.05	0.72	0.01	0.01	0.0	0.76	0.73	0.0	0.0	0.76	0.0	0.0	1548684307.108368	41.93	51.83	58.32	44.74	39.62	53.45	25.0	25.0		214	225	100						275	340	236				
10.4	79.7	66.0	-66.0	21.2	64.8			358.6	0.0	1.0	1.0	0.0	0.03	0.74	0.69	0.03	0.04	0.72	0.01	0.01	0.0	0.76	0.73	0.0	0.0	0.76	0.0	0.0	1548684307.216256	41.78	51.92	55.95	44.66	40.3	54.13	25.0	25.0	257	230	225	99	149	151			224	284	340	238	282	351		
8.8	80.8	67.0	-67.0	20.4	67.2			358.7	0.0	1.0	1.0	0.0	0.03	0.74	0.7	0.03	0.04	0.73	0.01	0.01	0.0	0.76	0.73	0.0	0.0	0.76	0.0	0.0	1548684307.319384	41.66	51.66	56.31	44.37	39.41	54.02	25.0	25.0	257	230	225	99	149	150			224	284	340	238	282	351		
7.7	82.0	68.0	-68.0	19.4	68.8			358.4	1.0	1.0	1.0	1.0	0.02	0.74	0.71	0.03	0.04	0.73	0.01	0.01	0.0	0.76	0.73	0.0	0.0	0.76	0.0	0.0	1548684307.415334	41.53	51.81	55.94	44.45	39.62	53.86	25.0	25.0	256	230	225	99	149	150			224	284	340	238	282	351		
6.3	82.2	68.6	-68.6	19.9	69.1			358.2	1.0	0.0	0.0	1.0	0.02	0.75	0.71	0.02	0.03	0.74	0.01	0.01	0.0	0.76	0.73	0.0	0.0	0.76	0.0	0.0	1548684307.515894	41.3	51.67	55.82	44.43	39.3	53.77	25.0	25.0	256	230	225	99	149	149			224	284	340	238	282	351		
6.0	83.0	68.8	-68.8	19.4	69.8			358.2	1.0	0.0	0.0	1.0	0.02	0.75	0.71	0.02	0.03	0.74	0.01	0.01	0.81	0.0	0.0	0.78	0.73	0.0	0.0	0.0	1548684307.620038	75.0	25.0	25.0	75.0	75.0	25.0	25.0	25.0	256	230	225	99	149	149			224	284	340	238	282	350		
5.9	82.8	69.1	-69.1	19.7	70.4			358.2	1.0	0.0	0.0	1.0	0.91	0.04	0.05	0.47	0.35	0.14	0.01	0.01	0.81	0.0	0.0	0.78	0.73	0.0	0.0	0.0	1548684307.724421	64.44	38.89	39.61	75.0	75.0	34.6	25.0	25.0	256	230	225	99	149	149			224	284	340	238	282	350		
6.0	82.3	69.2	-69.2	20.4	69.8			358.4	1.0	0.0	0.0	1.0	0.62	0.04	0.06	0.69	0.59	0.05	0.01	0.01	0.81	0.0	0.0	0.78	0.73	0.0	0.0	0.0	1548684307.822044	60.01	44.35	46.05	50.91	51.75	44.53	25.0	25.0	256	230	224	99	149	149			224	284	340	238	282	350		
13.9	66.9	56.9	-56.9	30.0	56.2			358.8	1.0	0.0	0.0	1.0	0.85	0.04	0.06	0.71	0.62	0.05	0.01	0.01	0.81	0.0	0.0	0.78	0.73	0.0	0.0	0.0	1548684307.924134	45.04	43.78	44.81	59.9	57.51	43.64	25.0	25.0	256	232	224	97	147	152			224	284	344	237	282	352		
	22.4	10.4	-10.4		23.8			356.5	1.0	0.0	0.0	1.0	0.73	0.03	0.05	0.71	0.67	0.04	0.01	0.01	0.81	0.0	0.0	0.78	0.73	0.0	0.0	0.0	1548684308.025637	55.87	43.94	45.22	55.87	53.45	43.68	25.0	25.0		245	228		154	153				287	355		281	352		
					13.8				1.0	0.0	0.0	1.0	0.77	0.03	0.04	0.72	0.68	0.04	0.01	0.01	0.81	0.0	0.0	0.78	0.73	0.0	0.0	0.0	1548684308.123643	50.97	43.9	44.83	57.52	53.46	43.48	25.0	25.0					159	153							282	352		
									1.0	0.0	0.0	1.0	0.78	0.03	0.03	0.74	0.69	0.04	0.01	0.01	0.81	0.0	0.0	0.78	0.73	0.0	0.0	0.0	1548684308.22432	51.93	43.81	45.26	55.51	53.29	43.34	25.0	25.0						152								352		
				82.1	-3.8				1.0	0.0	0.0	1.0	0.79	0.02	0.03	0.75	0.7	0.04	0.0	0.01	0.81	0.0	0.0	0.78	0.73	0.0	0.0	0.0	1548684308.325736	51.13	43.65	45.0	55.23	53.01	42.96	25.0	25.0			301	182	190	152					338	228	293	351		
				83.5	-4.3				1.0	0.0	0.0	1.0	0.8	0.02	0.03	0.76	0.7	0.03	0.01	0.01	0.81	0.0	0.0	0.78	0.73	0.0	0.0	0.0	1548684308.427048	51.0	43.55	44.85	54.91	53.11	42.76	25.0	25.0			301	182	190	152					338	229	293	351		
				85.1	-5.0				1.0	1.0	1.0	1.0	0.8	0.02	0.03	0.76	0.71	0.03	0.01	0.01	0.81	0.0	0.0	0.78	0.73	0.0	0.0	0.0	1548684308.527509	50.78	43.41	44.74	54.8	52.77	42.73	25.0	25.0			301	182	190	152					337	229	294	351		
				86.9	-5.5				0.0	1.0	1.0	0.0	0.8	0.02	0.03	0.77	0.71	0.03	0.01	0.01	0.81	0.0	0.0	0.78	0.73	0.0	0.0	0.0	1548684308.631649	50.63	43.47	44.61	54.66	52.79	42.59	25.0	25.0			302	182	190	152					336	230	294	351		
				87.2	-6.0				0.0	1.0	1.0	0.0	0.8	0.03	0.05	0.76	0.7	0.03	0.01	0.01	0.0	0.76	0.73	0.0	0.0	0.76	0.0	0.0	1548684308.735277	25.0	75.0	75.0	25.0	25.0	75.0	25.0	25.0	256		302	183	191	152			224		336	230	295	352		
				87.5	-6.1				0.0	1.0	1.0	0.0	0.04	0.96	0.8	0.04	0.21	0.85	0.01	0.01	0.0	0.76	0.73	0.0	0.0	0.76	0.0	0.0	1548684308.838	42.34	35.27	62.58	42.94	25.0	52.22	25.0	25.0	256		302	183	191	151			224		336	230	294	351		
				87.5	-6.1				0.0	1.0	1.0	0.0	0.06	0.57	0.52	0.06	0.07	0.59	0.01	0.01	0.0	0.76	0.73	0.0	0.0	0.76	0.0	0.0	1548684308.938626	41.36	63.66	63.06	44.29	40.85	62.37	25.0	25.0	256		302	183	191	151			224		336	230	294	351		
	24.3	-34.3	34.3	52.4	57.7			15.199999999999989	0.0	1.0	1.0	0.0	0.05	0.74	0.76	0.05	0.07	0.7	0.01	0.01	0.0	0.76	0.73	0.0	0.0	0.76	0.0	0.0	1548684309.042208	41.49	46.77	47.22	44.28	39.46	53.77	25.0	25.0		279	302	184	193	143				272	336	229	295	346		
	33.3	-16.2	16.2	41.7				14.699999999999989	0.0	1.0	1.0	0.0	0.04	0.69	0.62	0.04	0.06	0.71	0.01	0.01	0.0	0.76	0.73	0.0	0.0	0.76	0.0	0.0	1548684309.145568	41.77	56.52	62.35	44.31	39.75	54.85	25.0	25.0		284	302	184	197					272	336	229	294			
									0.0	1.0	1.0	0.0	0.03	0.74	0.68	0.04	0.05	0.73	0.01	0.01	0.0	0.76	0.73	0.0	0.0	0.76	0.0	0.0	1548684309.242234	42.0	51.96	56.79	44.32	39.59	52.76	25.0	25.0			302	184							336	229				
	82.7	66.7	-66.7	21.9	58.4			355.6	0.0	1.0	1.0	0.0	0.03	0.74	0.7	0.03	0.04	0.72	0.01	0.01	0.0	0.76	0.73	0.0	0.0	0.76	0.0	0.0	1548684309.343933	41.76	52.25	56.03	44.78	39.95	54.09	25.0	25.0		310	302	183	232	237				281	336	230	275	343		
9.8	84.0	66.3	-66.3	21.1	66.4			356.0	0.0	1.0	1.0	0.0	0.03	0.75	0.7	0.03	0.05	0.73	0.01	0.01	0.0	0.76	0.73	0.0	0.0	0.76	0.0	0.0	1548684309.444995	41.59	51.76	56.33	44.49	39.2	54.07	25.0	25.0	337	309	302	183	231	229			223	281	336	230	276	343		
8.0	85.2	68.0	-68.0	20.2	68.8			355.7	0.0	1.0	1.0	0.0	0.03	0.75	0.71	0.02	0.04	0.73	0.01	0.01	0.0	0.76	0.73	0.0	0.0	0.76	0.0	0.0	1548684309.553922	41.44	51.48	56.03	44.53	39.6	53.98	25.0	25.0	337	308	302	183	231	228			223	281	336	230	276	343		
6.1	85.9	69.0	-69.0	19.7	70.0			355.6	1.0	1.0	1.0	1.0	0.02	0.75	0.71	0.02	0.03	0.74	0.01	0.01	0.0	0.76	0.73	0.0	0.0	0.76	0.0	0.0	1548684309.650609	41.37	51.78	55.94	44.27	39.61	53.82	25.0	25.0	337	308	302	183	231	228			222	282	336	230	276	343		
4.3	86.4	69.7	-69.7	19.5	70.2			355.5	1.0	0.0	0.0	1.0	0.02	0.75	0.71	0.02	0.03	0.74	0.01	0.01	0.0	0.76	0.73	0.0	0.0	0.76	0.0	0.0	1548684309.75299	41.28	51.68	55.89	44.25	39.27	53.78	25.0	25.0	336	308	302	183	231	228			222	282	336	230	276	343		
3.6	87.1	69.8	-69.8	20.6	70.9			355.5	1.0	0.0	0.0	1.0	0.11	0.7	0.68	0.08	0.1	0.69	0.01	0.01	0.81	0.0	0.0	0.78	0.73	0.0	0.0	0.0	1548684309.855366	75.0	25.0	25.0	75.0	75.0	25.0	25.0	25.0	337	308	302	183	231	228			222	282	336	230	276	343		
3.7	87.3	69.9	-69.9	20.6	71.0			355.6	1.0	0.0	0.0	1.0	0.92	0.04	0.05	0.89	0.81	0.04	0.01	0.01	0.81	0.0	0.0	0.78	0.73	0.0	0.0	0.0	1548684309.956512	35.38	44.73	46.8	41.82	44.23	45.04	25.0	25.0	337	308	302	183	231	228			222	282	336	231	276	343		
9.8	75.1	62.0	-62.0	26.2	58.5			356.3	1.0	0.0	0.0	1.0	0.73	0.05	0.07	0.68	0.55	0.05	0.01	0.01	0.81	0.0	0.0	0.78	0.73	0.0	0.0	0.0	1548684310.056474	57.39	43.35	44.6	60.18	63.02	43.36	25.0	25.0	337	309	301	182	230	231			222	281	338	230	276	345		
29.4	26.9	16.5	-16.5	74.7	25.8			353.7	1.0	0.0	0.0	1.0	0.71	0.04	0.05	0.69	0.67	0.05	0.01	0.01	0.81	0.0	0.0	0.78	0.73	0.0	0.0	0.0	1548684310.157903	55.28	43.77	45.0	58.03	53.12	43.57	25.0	25.0	337	322	303	185	234	232			223	285	351	231	275	345		
									1.0	0.0	0.0	1.0	0.77	0.03	0.05	0.74	0.67	0.04	0.01	0.01	0.81	0.0	0.0	0.78	0.73	0.0	0.0	0.0	1548684310.258092	54.04	43.94	45.06	57.03	54.95	43.59	25.0	25.0	337					232			223					345		
66.6									1.0	0.0	0.0	1.0	0.77	0.03	0.04	0.73	0.69	0.04	0.01	0.01	0.81	0.0	0.0	0.78	0.73	0.0	0.0	0.0	1548684310.359699	51.76	44.05	44.98	56.77	53.32	43.5	25.0	25.0	336	343				231			222	280				345		
76.4		-68.1	68.1		-3.9			7.100000000000023	1.0	0.0	0.0	1.0	0.79	0.03	0.03	0.75	0.7	0.03	0.01	0.01	0.81	0.0	0.0	0.78	0.73	0.0	0.0	0.0	1548684310.462773	51.79	43.67	45.2	55.0	52.99	43.27	25.0	25.0	337	345			267	231			222	277			287	345		
79.5	11.1	-73.0	73.0		-5.2			8.699999999999989	1.0	0.0	0.0	1.0	0.8	0.02	0.03	0.76	0.7	0.03	0.01	0.01	0.81	0.0	0.0	0.78	0.73	0.0	0.0	0.0	1548684310.566331	50.92	43.53	44.91	55.19	53.09	42.8	25.0	25.0	337	345	377		269	230			222	276	339		288	345		
83.3	6.7	-76.9	76.9		-6.3			10.0	1.0	0.0	0.0	1.0	0.8	0.02	0.03	0.76	0.71	0.03	0.01	0.01	0.81	0.0	0.0	0.78	0.73	0.0	0.0	0.0	1548684310.66428	50.79	43.67	44.81	54.83	52.79	42.63	25.0	25.0	337	344	378		270	230			222	276	337		289	344		
83.3	7.7	-77.9	77.9		-7.0			10.199999999999989	1.0	1.0	1.0	1.0	0.8	0.02	0.03	0.77	0.71	0.03	0.01	0.01	0.81	0.0	0.0	0.78	0.73	0.0	0.0	0.0	1548684310.766646	50.73	43.25	44.68	54.59	52.79	42.59	25.0	25.0	337	344	378		270	231			222	276	337		289	345		
83.8	6.5	-78.8	78.8		-7.0			10.5	0.0	1.0	1.0	0.0	0.8	0.02	0.02	0.77	0.71	0.03	0.01	0.01	0.81	0.0	0.0	0.78	0.73	0.0	0.0	0.0	1548684310.866674	50.6	43.44	44.65	54.56	52.76	42.48	25.0	25.0	337	344	378		270	230			222	276	337		289	344		
86.6	6.4	-79.9	79.9		-6.2			10.600000000000023	0.0	1.0	1.0	0.0	0.45	0.11	0.16	0.7	0.68	0.17	0.01	0.01	0.0	0.76	0.73	0.0	0.0	0.76	0.0	0.0	1548684310.971696	25.0	75.0	75.0	25.0	25.0	75.0	25.0	25.0	337	344	379		270	230			222	276	336		289	344		
86.8	6.5	-79.7	79.7		-6.2			10.600000000000023	0.0	1.0	1.0	0.0	0.05	0.71	0.77	0.05	0.06	0.78	0.0	0.01	0.0	0.76	0.73	0.0	0.0	0.76	0.0	0.0	1548684311.072735	43.0	43.6	39.06	46.22	41.81	44.51	25.0	25.0	337	344	379		270	230			223	276	336		289	344		
	13.6	-67.0	67.0					11.300000000000011	0.0	1.0	1.0	0.0	0.05	0.85	0.7	0.06	0.08	0.78	0.01	0.01	0.0	0.76	0.73	0.0	0.0	0.76	0.0	0.0	1548684311.196906	41.4	43.86	56.24	44.16	39.49	47.62	25.0	25.0		347	379		269					275	336		290			
	35.5	-17.5	17.5		71.9			12.300000000000011	0.0	1.0	1.0	0.0	0.04	0.68	0.61	0.05	0.07	0.69	0.01	0.01	0.0	0.76	0.73	0.0	0.0	0.76	0.0	0.0	1548684311.299204	41.83	56.72	61.21	44.29	39.8	56.31	25.0	25.0		361	379		276	227				271	336		290	339		
									0.0	1.0	1.0	0.0	0.04	0.74	0.71	0.04	0.06	0.73	0.01	0.01	0.0	0.76	0.73	0.0	0.0	0.76	0.0	0.0	1548684311.402083	42.05	51.28	54.58	44.35	39.71	52.08	25.0	25.0			379								336					
	77.1								0.0	1.0	1.0	0.0	0.03	0.73	0.69	0.03	0.05	0.73	0.01	0.01	0.0	0.76	0.73	0.0	0.0	0.76	0.0	0.0	1548684311.500206	42.06	52.82	57.55	44.81	39.84	53.63	25.0	25.0		386	379							279	337					
					59.7				0.0	1.0	1.0	0.0	0.03	0.75	0.7	0.03	0.04	0.72	0.01	0.01	0.0	0.76	0.73	0.0	0.0	0.76	0.0	0.0	1548684311.600122	41.86	51.76	56.24	44.79	39.91	54.17	25.0	25.0	420		379		310	311			227		337		272	340		
									0.0	1.0	1.0	0.0	0.03	0.75	0.7	0.03	0.04	0.73	0.01	0.01	0.0	0.76	0.73	0.0	0.0	0.76	0.0	0.0	1548684311.702857	41.7	51.75	56.26	44.41	39.57	54.03	25.0	25.0	416		379		309				224		337		273			
					67.1				1.0	1.0	1.0	1.0	0.03	0.75	0.71	0.03	0.04	0.74	0.01	0.01	0.0	0.76	0.73	0.0	0.0	0.76	0.0	0.0	1548684311.807144	41.51	51.45	55.93	44.27	39.4	53.8	25.0	25.0	416		379		309	305			224		337		273	340		
									1.0	0.0	0.0	1.0	0.02	0.75	0.71	0.03	0.03	0.74	0.01	0.01	0.0	0.76	0.73	0.0	0.0	0.76	0.0	0.0	1548684311.905485	41.4	51.47	55.86	44.18	39.43	53.56	25.0	25.0	416		379		309				224		336		273			
					69.1				1.0	0.0	0.0	1.0	0.02	0.75	0.72	0.02	0.03	0.75	0.01	0.01	0.81	0.0	0.0	0.78	0.73	0.0	0.0	0.0	1548684312.00797	75.0	25.0	25.0	75.0	75.0	25.0	25.0	25.0	416		379		309	304			224		336		273	339		
					69.4				1.0	0.0	0.0	1.0	0.85	0.04	0.06	0.41	0.25	0.08	0.01	0.01	0.81	0.0	0.0	0.78	0.73	0.0	0.0	0.0	1548684312.11142	51.23	42.5	43.76	75.0	75.0	39.66	25.0	25.0	416		379		309	304			224		336		273	339		
									1.0	0.0	0.0	1.0	0.59	0.05	0.07	0.64	0.56	0.05	0.01	0.01	0.81	0.0	0.0	0.78	0.73	0.0	0.0	0.0	1548684312.21114	61.98	44.27	45.58	57.03	55.84	44.35	25.0	25.0	416		379		309				224		336		273			
26.0		34.2	-34.2	53.3	38.2			352.8	1.0	0.0	0.0	1.0	0.79	0.04	0.06	0.75	0.68	0.05	0.01	0.01	0.81	0.0	0.0	0.78	0.73	0.0	0.0	0.0	1548684312.314106	47.85	43.8	45.19	53.85	53.38	43.74	25.0	25.0	416	391		259	307	308			225	283		225	272	341		
39.1	18.0	-1.6	1.6		15.4			351.5	1.0	0.0	0.0	1.0	0.76	0.03	0.05	0.7	0.66	0.05	0.01	0.01	0.81	0.0	0.0	0.78	0.73	0.0	0.0	0.0	1548684312.416769	54.33	43.94	44.92	57.78	54.79	43.59	25.0	25.0	416	403	384		316	308			224	286	353		273	342		
52.4									1.0	0.0	0.0	1.0	0.77	0.03	0.04	0.73	0.68	0.04	0.0	0.01	0.81	0.0	0.0	0.78	0.73	0.0	0.0	0.0	1548684312.517516	51.93	43.79	45.24	56.24	53.49	43.49	25.0	25.0	416	411				308			224	285				342		
64.9									1.0	0.0	0.0	1.0	0.78	0.03	0.03	0.75	0.69	0.04	0.01	0.01	0.81	0.0	0.0	0.78	0.73	0.0	0.0	0.0	1548684312.619139	51.71	43.96	45.31	55.46	52.99	43.35	25.0	25.0	416	418				307			224	283				341		
82.7	10.7	-75.0	75.0	85.0	-5.2			6.5	1.0	0.0	0.0	1.0	0.79	0.02	0.03	0.75	0.7	0.04	0.0	0.01	0.81	0.0	0.0	0.78	0.73	0.0	0.0	0.0	1548684312.721149	51.14	43.88	45.02	55.05	52.96	43.08	25.0	25.0	416	422	454	340	347	306			224	279	342	223	287	341		
84.6	9.8	-77.4	77.4	85.6	-5.9			7.0	1.0	0.0	0.0	1.0	0.8	0.02	0.03	0.76	0.7	0.03	0.01	0.01	0.81	0.0	0.0	0.78	0.73	0.0	0.0	0.0	1548684312.821859	50.94	43.66	45.02	54.94	52.93	42.87	25.0	25.0	416	422	454	340	347	306			224	278	342	224	287	341		
84.9	9.4	-78.2	78.2	87.0	-6.1			7.600000000000023	1.0	1.0	1.0	1.0	0.8	0.02	0.03	0.76	0.71	0.03	0.01	0.01	0.81	0.0	0.0	0.78	0.73	0.0	0.0	0.0	1548684312.924587	50.61	43.37	44.8	54.77	52.91	42.68	25.0	25.0	416	422	454	341	348	307			224	278	341	224	288	341		
85.2	8.0	-79.2	79.2	88.6	-6.7			7.699999999999989	0.0	1.0	1.0	0.0	0.8	0.02	0.03	0.77	0.71	0.03	0.01	0.01	0.81	0.0	0.0	0.78	0.73	0.0	0.0	0.0	1548684313.024505	50.5	43.44	44.5	54.68	52.98	42.6	25.0	25.0	416	421	454	341	348	306			224	278	341	224	288	341		
85.7	7.3	-78.8	78.8	86.9	-6.2			7.800000000000011	0.0	1.0	1.0	0.0	0.8	0.02	0.02	0.77	0.71	0.03	0.01	0.01	0.0	0.76	0.73	0.0	0.0	0.76	0.0	0.0	1548684313.12607	25.0	75.0	75.0	25.0	25.0	75.0	25.0	25.0	416	422	455	341	348	307			224	278	341	225	288	341		
87.8	8.0	-79.7	79.7	87.6	-6.3			7.800000000000011	0.0	1.0	1.0	0.0	0.04	0.97	0.79	0.04	0.22	0.86	0.01	0.01	0.0	0.76	0.73	0.0	0.0	0.76	0.0	0.0	1548684313.227871	41.03	42.55	64.19	42.53	25.0	52.99	25.0	25.0	416	421	454	341	348	306			225	278	341	225	288	341		
83.9	10.2	-76.7	76.7	85.6				7.800000000000011	0.0	1.0	1.0	0.0	0.06	0.56	0.53	0.06	0.07	0.59	0.01	0.01	0.0	0.76	0.73	0.0	0.0	0.76	0.0	0.0	1548684313.329723	41.93	61.47	59.74	45.18	41.86	61.39	25.0	25.0	416	422	454	342	348				224	278	341	225	288			
	19.4	-58.1	58.1	70.7				9.100000000000023	0.0	1.0	1.0	0.0	0.05	0.77	0.79	0.06	0.08	0.73	0.01	0.01	0.0	0.76	0.73	0.0	0.0	0.76	0.0	0.0	1548684313.432554	41.7	44.01	52.99	44.3	39.36	50.97	25.0	25.0		427	454	342	347					276	341	224	289			
16.6	41.3	-9.1	9.1	39.5				9.199999999999989	0.0	1.0	1.0	0.0	0.04	0.69	0.62	0.05	0.07	0.7	0.01	0.01	0.0	0.76	0.73	0.0	0.0	0.76	0.0	0.0	1548684313.534464	42.0	55.72	60.83	44.39	39.53	55.51	25.0	25.0	422	442	455	343	355				211	275	341	224	289			
									0.0	1.0	1.0	0.0	0.03	0.73	0.68	0.04	0.05	0.73	0.01	0.01	0.0	0.76	0.73	0.0	0.0	0.76	0.0	0.0	1548684313.638532	42.09	52.35	56.72	44.43	40.51	52.69	25.0	25.0			454	343							341	224				
				22.8					0.0	1.0	1.0	0.0	0.03	0.74	0.7	0.03	0.05	0.72	0.01	0.01	0.0	0.76	0.73	0.0	0.0	0.76	0.0	0.0	1548684313.732021	41.82	52.0	55.77	44.85	39.5	53.8	25.0	25.0			454	342	385						342	225	276			
				22.4	65.6				0.0	1.0	1.0	0.0	0.03	0.75	0.7	0.03	0.04	0.73	0.01	0.01	0.0	0.76	0.73	0.0	0.0	0.76	0.0	0.0	1548684313.836961	42.01	51.69	56.39	44.73	40.01	53.72	25.0	25.0	498		454	342	387	381			230		341	225	274	341		
				22.3	67.1				0.0	1.0	1.0	0.0	0.03	0.75	0.7	0.03	0.04	0.73	0.01	0.01	0.0	0.76	0.73	0.0	0.0	0.76	0.0	0.0	1548684313.934431	41.73	51.56	56.13	44.62	39.45	53.81	25.0	25.0	497		454	342	387	380			230		341	225	274	341		
				22.7	67.8				1.0	1.0	1.0	1.0	0.03	0.75	0.71	0.03	0.04	0.74	0.01	0.01	0.0	0.76	0.73	0.0	0.0	0.76	0.0	0.0	1548684314.035127	41.71	51.81	55.82	44.42	39.6	53.61	25.0	25.0	497		454	342	387	380			230		341	225	274	340		
				22.7	68.2				1.0	0.0	0.0	1.0	0.02	0.75	0.71	0.02	0.03	0.74	0.01	0.01	0.0	0.76	0.73	0.0	0.0	0.76	0.0	0.0	1548684314.137152	41.4	51.44	55.91	44.18	39.32	53.55	25.0	25.0	497		454	342	387	380			230		341	225	273	340		
				22.9	68.1				1.0	0.0	0.0	1.0	0.11	0.7	0.68	0.08	0.1	0.69	0.01	0.01	0.81	0.0	0.0	0.78	0.73	0.0	0.0	0.0	1548684314.238813	75.0	25.0	25.0	75.0	75.0	25.0	25.0	25.0	496		454	342	387	380			230		341	225	274	340		
				22.9	69.2				1.0	0.0	0.0	1.0	1.04	0.03	0.04	0.9	0.79	0.03	0.01	0.01	0.81	0.0	0.0	0.78	0.73	0.0	0.0	0.0	1548684314.339163	28.41	44.69	47.35	42.36	46.91	45.16	25.0	25.0	496		454	342	387	380			230		341	225	273	340		
				25.3	60.4				1.0	0.0	0.0	1.0	0.61	0.04	0.06	0.65	0.54	0.05	0.01	0.01	0.81	0.0	0.0	0.78	0.73	0.0	0.0	0.0	1548684314.440282	65.53	43.91	44.99	63.26	61.35	43.69	25.0	25.0	496		454	341	387	382			230		342	225	274	342		
29.4	34.0	20.6	-20.6		28.1			348.7	1.0	0.0	0.0	1.0	0.71	0.04	0.05	0.69	0.7	0.04	0.01	0.01	0.81	0.0	0.0	0.78	0.73	0.0	0.0	0.0	1548684314.549421	52.59	43.7	45.05	57.18	51.19	43.68	25.0	25.0	497	475	453		389	383			230	291	355		273	343		
32.5	26.9	10.7	-10.7		21.5			348.6	1.0	0.0	0.0	1.0	0.77	0.03	0.05	0.73	0.67	0.04	0.01	0.01	0.81	0.0	0.0	0.78	0.73	0.0	0.0	0.0	1548684314.649945	52.95	43.88	45.05	57.01	55.2	43.56	25.0	25.0	497	477	455		391	383			230	291	357		274	343		
63.0									1.0	0.0	0.0	1.0	0.77	0.03	0.04	0.73	0.69	0.04	0.01	0.01	0.81	0.0	0.0	0.78	0.73	0.0	0.0	0.0	1548684314.751798	52.37	43.95	45.11	56.69	53.33	43.25	25.0	25.0	496	495				382			230	290				343		
73.3		-61.5	61.5		-2.0			359.0	1.0	0.0	0.0	1.0	0.79	0.03	0.04	0.75	0.7	0.04	0.01	0.01	0.81	0.0	0.0	0.78	0.73	0.0	0.0	0.0	1548684314.851487	51.49	43.47	44.79	55.25	53.03	42.94	25.0	25.0	496	500			420	382			230	288			286	342		
82.8	12.1	-75.8	75.8	88.5	-5.5			3.6999999999999886	1.0	0.0	0.0	1.0	0.8	0.02	0.03	0.76	0.71	0.03	0.01	0.01	0.81	0.0	0.0	0.78	0.73	0.0	0.0	0.0	1548684314.96039	51.17	43.79	44.77	55.11	52.87	42.69	25.0	25.0	497	501	531	418	425	382			230	285	350	226	290	342		
85.0	11.4	-77.4	77.4	89.1	-5.8			4.399999999999977	1.0	1.0	1.0	1.0	0.8	0.02	0.03	0.76	0.71	0.03	0.01	0.01	0.81	0.0	0.0	0.78	0.73	0.0	0.0	0.0	1548684315.091853	50.7	43.41	44.7	54.88	52.8	42.61	25.0	25.0	497	501	531	418	425	381			230	285	350	227	290	342		
86.7	9.2	-78.7	78.7	87.3	-5.5			4.899999999999977	0.0	1.0	1.0	0.0	0.8	0.02	0.03	0.77	0.71	0.03	0.01	0.01	0.81	0.0	0.0	0.78	0.73	0.0	0.0	0.0	1548684315.193383	50.58	43.38	44.61	54.74	52.81	42.5	25.0	25.0	497	500	532	419	425	381			230	284	349	227	291	342		
86.8	7.6	-79.6	79.6	88.3	-6.0			5.0	0.0	1.0	1.0	0.0	0.8	0.02	0.02	0.77	0.71	0.02	0.0	0.01	0.0	0.76	0.73	0.0	0.0	0.76	0.0	0.0	1548684315.293343	25.0	75.0	75.0	25.0	25.0	75.0	25.0	25.0	497	500	532	419	426	381			230	284	349	227	291	342		
87.1	8.3	-80.1	80.1	88.7	-6.0			4.800000000000011	0.0	1.0	1.0	0.0	0.06	0.77	0.4	0.1	0.51	0.61	0.01	0.01	0.0	0.76	0.73	0.0	0.0	0.76	0.0	0.0	1548684315.395879	39.5	54.34	75.0	38.5	25.0	64.9	25.0	25.0	497	500	532	419	426	381			230	284	349	227	291	342		
83.5	9.5	-76.6	76.6	85.4	2.9			5.100000000000023	0.0	1.0	1.0	0.0	0.06	0.58	0.56	0.06	0.08	0.61	0.01	0.01	0.0	0.76	0.73	0.0	0.0	0.76	0.0	0.0	1548684315.505274	41.65	59.26	58.08	45.23	40.76	58.85	25.0	25.0	497	501	532	419	425	378			230	285	349	227	291	341		
				69.6	34.5				0.0	1.0	1.0	0.0	0.05	0.82	0.71	0.06	0.07	0.76	0.01	0.01	0.0	0.76	0.73	0.0	0.0	0.76	0.0	0.0	1548684315.59794	41.58	45.09	54.99	44.22	39.68	49.3	25.0	25.0			532	420	424	372					349	227	292	338		
41.0	29.6	-35.5	35.5	56.5	58.2			7.0	0.0	1.0	1.0	0.0	0.04	0.68	0.63	0.05	0.07	0.69	0.01	0.01	0.0	0.76	0.73	0.0	0.0	0.76	0.0	0.0	1548684315.700662	41.95	56.01	59.79	44.46	39.78	56.06	25.0	25.0	498	513	532	421	427	373			220	282	349	227	293	336		
									0.0	1.0	1.0	0.0	0.03	0.73	0.69	0.04	0.06	0.74	0.01	0.01	0.0	0.76	0.73	0.0	0.0	0.76	0.0	0.0	1548684315.801543	42.05	52.04	56.31	44.36	39.84	52.19	25.0	25.0			532	421							349	226				
	81.3								0.0	1.0	1.0	0.0	0.03	0.74	0.69	0.03	0.05	0.73	0.0	0.01	0.0	0.76	0.73	0.0	0.0	0.76	0.0	0.0	1548684315.902135	41.86	52.55	57.08	44.8	39.71	53.6	25.0	25.0		543	532	419						292	349	227				
9.7	88.1	64.4	-64.4	24.7	64.3			348.0	0.0	1.0	1.0	0.0	0.03	0.75	0.7	0.03	0.04	0.73	0.01	0.01	0.0	0.76	0.73	0.0	0.0	0.76	0.0	0.0	1548684316.00531	41.72	51.69	56.28	44.57	39.78	54.04	25.0	25.0	578	543	532	419	466	457			239	294	349	227	278	346		
				24.9	65.7				0.0	1.0	1.0	0.0	0.03	0.75	0.71	0.03	0.04	0.73	0.01	0.01	0.0	0.76	0.73	0.0	0.0	0.76	0.0	0.0	1548684316.108727	41.56	51.63	55.99	44.51	39.22	54.1	25.0	25.0	579		532	419	466	456			239		349	227	278	345		
8.1	91.2	65.0	-65.0	24.9	65.4			347.7	1.0	1.0	1.0	1.0	0.02	0.75	0.71	0.03	0.03	0.74	0.01	0.01	0.0	0.76	0.73	0.0	0.0	0.76	0.0	0.0	1548684316.21409	41.49	51.52	55.95	44.52	39.62	53.92	25.0	25.0	578	542	532	419	465	456			239	295	349	227	278	345		
6.4	92.4	66.2	-66.2	24.3	66.9			347.4	1.0	0.0	0.0	1.0	0.02	0.75	0.71	0.02	0.03	0.74	0.01	0.01	0.0	0.76	0.73	0.0	0.0	0.76	0.0	0.0	1548684316.316209	41.27	51.81	55.89	44.29	39.42	53.83	25.0	25.0	578	542	532	419	465	456			239	295	349	227	278	345		
6.3	91.5	67.1	-67.1	24.4	67.5			347.5	1.0	0.0	0.0	1.0	0.13	0.72	0.69	0.07	0.09	0.7	0.01	0.01	0.81	0.0	0.0	0.78	0.73	0.0	0.0	0.0	1548684316.416123	75.0	25.0	25.0	75.0	75.0	25.0	25.0	25.0	577	542	532	419	466	456			239	295	349	227	278	345		
6.6	92.6	66.4	-66.4	24.2	68.0			347.4	1.0	0.0	0.0	1.0	1.0	0.04	0.04	0.91	0.79	0.04	0.01	0.01	0.81	0.0	0.0	0.78	0.73	0.0	0.0	0.0	1548684316.518415	30.46	44.76	47.15	41.68	46.21	45.24	25.0	25.0	577	542	532	419	465	455			239	295	349	227	278	345		
				38.2	49.6				1.0	0.0	0.0	1.0	0.73	0.04	0.07	0.65	0.55	0.06	0.01	0.01	0.81	0.0	0.0	0.78	0.73	0.0	0.0	0.0	1548684316.61818	61.64	43.65	44.68	61.99	62.54	43.35	25.0	25.0	578			417	463	458			239			226	278	346		
				54.3	38.4				1.0	0.0	0.0	1.0	0.71	0.04	0.05	0.7	0.67	0.05	0.01	0.01	0.81	0.0	0.0	0.78	0.73	0.0	0.0	0.0	1548684316.720164	54.57	43.72	44.96	57.29	53.15	43.64	25.0	25.0	578		530	417	463	458			239		358	226	277	347		
40.2	18.1	-2.2	2.2	86.7	15.5			346.5	1.0	0.0	0.0	1.0	0.77	0.03	0.05	0.73	0.67	0.04	0.01	0.01	0.81	0.0	0.0	0.78	0.73	0.0	0.0	0.0	1548684316.823263	52.69	43.8	45.03	56.38	54.74	43.59	25.0	25.0	578	558	534	426	471	459			239	299	366	228	279	347		
40.2	18.1	-2.2	2.2	86.7	15.5			346.5	1.0	0.0	0.0	1.0	0.77	0.03	0.04	0.73	0.69	0.04	0.01	0.01	0.81	0.0	0.0	0.78	0.73	0.0	0.0	0.0	1548684316.92516	51.9	44.1	44.96	56.94	53.41	43.44	25.0	25.0	578	558	534	426	471	459			239	299	366	228	279	347		
77.7		-67.8	67.8		-1.8			358.5	1.0	0.0	0.0	1.0	0.79	0.03	0.03	0.75	0.7	0.04	0.01	0.01	0.81	0.0	0.0	0.78	0.73	0.0	0.0	0.0	1548684317.027415	51.78	43.8	45.25	55.35	53.14	43.17	25.0	25.0	577	579			501	457			238	296			294	346		
82.5		-74.4	74.4	86.8	-2.7			1.1000000000000227	1.0	0.0	0.0	1.0	0.79	0.02	0.03	0.76	0.71	0.03	0.01	0.01	0.81	0.0	0.0	0.78	0.73	0.0	0.0	0.0	1548684317.133896	51.09	43.6	44.79	55.1	52.76	42.86	25.0	25.0	577	580		496	503	457			239	294		232	296	346		
83.3	13.9	-76.1	76.1	90.5	-4.0			1.3999999999999773	1.0	0.0	0.0	1.0	0.8	0.02	0.03	0.76	0.71	0.03	0.01	0.01	0.81	0.0	0.0	0.78	0.73	0.0	0.0	0.0	1548684317.235245	50.96	43.52	44.8	54.86	52.9	42.68	25.0	25.0	577	579	607	496	503	457			239	294	360	232	296	346		
83.3	13.9	-76.1	76.1	90.5	-4.0			1.3999999999999773	1.0	1.0	1.0	1.0	0.8	0.02	0.03	0.77	0.71	0.03	0.01	0.01	0.81	0.0	0.0	0.78	0.73	0.0	0.0	0.0	1548684317.330645	50.48	43.54	44.51	54.62	52.73	42.48	25.0	25.0	577	579	607	496	503	457			239	294	360	232	296	346		
85.8	10.6	-78.9	78.9	88.8	-4.2			2.6000000000000227	0.0	1.0	1.0	0.0	0.8	0.02	0.02	0.77	0.71	0.03	0.01	0.01	0.81	0.0	0.0	0.78	0.73	0.0	0.0	0.0	1548684317.438684	50.51	43.28	44.59	54.59	52.73	42.5	25.0	25.0	577	579	607	498	504	457			239	294	360	233	297	346		
86.1	10.4	-79.5	79.5	89.4	-4.7			2.6000000000000227	0.0	1.0	1.0	0.0	0.26	0.27	0.23	0.41	0.65	0.26	0.01	0.01	0.0	0.76	0.73	0.0	0.0	0.76	0.0	0.0	1548684317.543332	25.0	75.0	75.0	25.0	25.0	75.0	25.0	25.0	577	579	607	498	505	457			239	294	360	233	297	346		
85.0	11.0	-78.0	78.0	88.8	-2.1			2.6000000000000227	0.0	1.0	1.0	0.0	0.05	0.68	0.68	0.05	0.06	0.65	0.01	0.01	0.0	0.76	0.73	0.0	0.0	0.76	0.0	0.0	1548684317.645634	42.65	47.14	46.03	46.39	42.53	51.25	25.0	25.0	578	579	607	498	504	456			239	294	359	233	297	346		
				68.3	37.8				0.0	1.0	1.0	0.0	0.05	0.76	0.65	0.06	0.08	0.78	0.01	0.01	0.0	0.76	0.73	0.0	0.0	0.76	0.0	0.0	1548684317.744353	41.48	50.89	59.97	44.19	39.42	48.5	25.0	25.0			608	499	504	449					359	232	298	343		
